<wpml-config>
  <custom-types>
    <custom-type translate="1">portfolio</custom-type>
    <custom-type translate="1">client</custom-type>
    <custom-type translate="1">team</custom-type>
    <custom-type translate="1">testimonial</custom-type>
  </custom-types>
  <taxonomies>
    <taxonomy translate="1">portfolio_category</taxonomy>
    <taxonomy translate="1">clients_category</taxonomy>
    <taxonomy translate="1">team_categories</taxonomy>
    <taxonomy translate="1">testimonial_categories</taxonomy>
  </taxonomies>
  <custom-fields>
    <custom-field action="translate">_meta_portolfio_options</custom-field>
    <custom-field action="translate">_custom_post_format_quote</custom-field>
    <custom-field action="translate">_custom_post_format_video</custom-field>
    <custom-field action="translate">_custom_post_format_audio</custom-field>
    <custom-field action="translate">_custom_post_format_gallery</custom-field>
    <custom-field action="translate">_custom_post_format_link</custom-field>
    <custom-field action="translate">_meta_post_format_quote</custom-field>
    <custom-field action="translate">_meta_post_format_video</custom-field>
    <custom-field action="translate">_meta_post_format_audio</custom-field>
    <custom-field action="translate">_meta_post_format_gallery</custom-field>
    <custom-field action="translate">_meta_post_format_link</custom-field>
    <custom-field action="translate">_meta_blog_options</custom-field>
  </custom-fields>
  <admin-texts>
    <key name="_cs_options">
      <key name="general_body_layout"/>
      <key name="css_body_bordered_color"/>
      <key name="css_body_bordered_width"/>
      <key name="css_body_background_color"/>
      <key name="css_body_background">
        <key name="image"/>
        <key name="repeat"/>
        <key name="position"/>
        <key name="attachment"/>
        <key name="size"/>
        <key name="color"/>
      </key>
      <key name="placeholder_img"/>
      <key name="general_preloader_style"/>
      <key name="social_links_facebook"/>
      <key name="social_links_twitter"/>
      <key name="social_links_youtube"/>
      <key name="social_links_google"/>
      <key name="social_links_linkedin"/>
      <key name="social_links_instagram"/>
      <key name="social_links_rss"/>
      <key name="social_links_dribbble"/>
      <key name="social_links_vimeo"/>
      <key name="social_links_skype"/>
      <key name="social_links_pinterest"/>
      <key name="social_links_yelp"/>
      <key name="social_links_tumblr"/>
      <key name="social_links_tripadvisor"/>
      <key name="social_links_spotify"/>
      <key name="social_links_soundcloud"/>
      <key name="social_links_behance"/>
      <key name="social_links_vk"/>
      <key name="social_links_wordpress"/>
      <key name="custom_js_header"/>
      <key name="custom_js_footer"/>
      <key name="header_layout_select"/>
      <key name="header_background_color"/>
      <key name="header_show_search"/>
      <key name="header_show_cart"/>
      <key name="header_show_sidearea"/>
      <key name="header_show_cta"/>
      <key name="header_logo_settings"/>
      <key name="header_logo_dark"/>
      <key name="header_logo_dark_2x"/>
      <key name="header_logo_light"/>
      <key name="header_logo_light_2x"/>
      <key name="header_logo_width"/>
      <key name="header_logo_height"/>
      <key name="header_logo_title_text"/>
      <key name="header_favicon"/>
      <key name="nav_link_color"/>
      <key name="nav_link_color_hover"/>
      <key name="header_button_text"/>
      <key name="header_button_link"/>
      <key name="header_button_background"/>
      <key name="header_button_color"/>
      <key name="header_button_background_hover"/>
      <key name="header_button_color_hover"/>
      <key name="sidearea_show_logo"/>
      <key name="sidearea_logo"/>
      <key name="sidearea_show_bio"/>
      <key name="sidearea_bio_content"/>
      <key name="sidearea_show_footer"/>
      <key name="sidearea_show_social"/>
      <key name="topbar_background_color"/>
      <key name="topbar_color"/>
      <key name="topbar_color_hover"/>
      <key name="header_info_email"/>
      <key name="header_info_phone"/>
      <key name="header_info_address"/>
      <key name="header_social_enabled">
        <key name="enabled">
          <key name="facebook"/>
          <key name="twitter"/>
          <key name="youtube"/>
        </key>
        <key name="disabled">
          <key name="google"/>
          <key name="linkedin"/>
          <key name="instagram"/>
          <key name="rss"/>
          <key name="dribbble"/>
          <key name="vimeo"/>
          <key name="skype"/>
          <key name="pinterest"/>
          <key name="yelp"/>
          <key name="tumblr"/>
          <key name="tripadvisor"/>
          <key name="spotify"/>
          <key name="soundcloud"/>
          <key name="behance"/>
          <key name="vk"/>
          <key name="wordpress"/>
        </key>
      </key>
      <key name="pagetitle_layout_select"/>
      <key name="pagetitle_background"/>
      <key name="pagetitle_background_style">
        <key name="pagetitle_background_repeat"/>
        <key name="pagetitle_background_size"/>
        <key name="pagetitle_background_attachment"/>
        <key name="pagetitle_background_position"/>
        <key name="pagetitle_background_color"/>
      </key>
      <key name="pagetitle_background_overlay"/>
      <key name="pagetitle_padding_top"/>
      <key name="pagetitle_padding_bottom"/>
      <key name="pagetitle_title_style">
        <key name="pagetitle_title_color"/>
        <key name="pagetitle_title_size"/>
      </key>
      <key name="pagetitle_desc_style">
        <key name="pagetitle_desc_color"/>
        <key name="pagetitle_desc_size"/>
      </key>
      <key name="pagetitle_breadcrumbs_size"/>
      <key name="pagetitle_breadcrumbs_color"/>
      <key name="pagetitle_breadcrumbs_link_color"/>
      <key name="pagetitle_breadcrumbs_link_hover"/>
      <key name="pagetitle_breadcrumbs"/>
      <key name="pagetitle_breadcrumbs_delimiter_color"/>
      <key name="footer_layout_select"/>
      <key name="footer_background_color"/>
      <key name="footer_layout_columns"/>
      <key name="footer_title_color"/>
      <key name="footer_text_color"/>
      <key name="footer_link_color"/>
      <key name="footer_link_color_hover"/>
      <key name="footer_padding_top"/>
      <key name="footer_padding_bottom"/>
      <key name="footer_copyright"/>
      <key name="footer_bottom_background"/>
      <key name="footer_bottom_border"/>
      <key name="footer_bottom_color"/>
      <key name="footer_bottom_link_color"/>
      <key name="footer_bottom_link_color_hover"/>
      <key name="footer_bottom_padding"/>
      <key name="backtop_style"/>
      <key name="backtop_align"/>
      <key name="backtop_background"/>
      <key name="backtop_background_hover"/>
      <key name="backtop_color"/>
      <key name="backtop_color_hover"/>
      <key name="pagetitle_blog_background"/>
      <key name="blog_breadcrumb"/>
      <key name="archive_post_style"/>
      <key name="archive_post_title"/>
      <key name="archive_post_content"/>
      <key name="archive_pagination"/>
      <key name="single_metadata_switcher"/>
      <key name="single_metadata">
        <key name="0"/>
        <key name="1"/>
        <key name="2"/>
        <key name="3"/>
        <key name="4"/>
      </key>
      <key name="single_tags_switcher"/>
      <key name="single_share_switcher"/>
      <key name="single_share_metadata">
        <key name="0"/>
        <key name="1"/>
        <key name="2"/>
        <key name="3"/>
      </key>
      <key name="single_autor_switcher"/>
      <key name="single_prevnext_switcher"/>
      <key name="single_related_switcher"/>
      <key name="single_comments_switcher"/>
      <key name="pagetitle_portfolio_background"/>
      <key name="portfolio_breadcrumb"/>
      <key name="portfolio_tax_layout"/>
      <key name="portfolio_hover_effect"/>
      <key name="portfolio_archive_pagination"/>
      <key name="portfolio_single_layout"/>
      <key name="portfolio_single_share"/>
      <key name="portfolio_single_next"/>
      <key name="portfolio_single_client"/>
      <key name="portfolio_single_location"/>
      <key name="portfolio_single_category"/>
      <key name="portfolio_single_date"/>
      <key name="single_portfolio_client_text"/>
      <key name="single_portfolio_location_text"/>
      <key name="shop_breadcrumb"/>
      <key name="archive_shop_layout"/>
      <key name="archive_shop_column"/>
      <key name="archive_shop_no_product"/>
      <key name="css_primary_color"/>
      <key name="css_link_color"/>
      <key name="css_link_color_hover"/>
      <key name="css_link_color_active"/>
      <key name="css_button_color"/>
      <key name="css_button_color_hover"/>
      <key name="typography_body">
        <key name="typography_body_font">
          <key name="family"/>
          <key name="variant"/>
          <key name="font"/>
        </key>
        <key name="typography_body_align"/>
        <key name="typography_body_font_size"/>
        <key name="typography_body_lineheight"/>
        <key name="typography_body_transform"/>
        <key name="typography_body_color"/>
      </key>
      <key name="typography_h1">
        <key name="typography_h1_font">
          <key name="family"/>
          <key name="variant"/>
          <key name="font"/>
        </key>
        <key name="typography_h1_align"/>
        <key name="typography_h1_font_size"/>
        <key name="typography_h1_lineheight"/>
        <key name="typography_h1_transform"/>
        <key name="typography_h1_color"/>
      </key>
      <key name="typography_h2">
        <key name="typography_h2_font">
          <key name="family"/>
          <key name="variant"/>
          <key name="font"/>
        </key>
        <key name="typography_h2_align"/>
        <key name="typography_h2_font_size"/>
        <key name="typography_h2_lineheight"/>
        <key name="typography_h2_transform"/>
        <key name="typography_h2_color"/>
      </key>
      <key name="typography_h3">
        <key name="typography_h3_font">
          <key name="family"/>
          <key name="variant"/>
          <key name="font"/>
        </key>
        <key name="typography_h3_align"/>
        <key name="typography_h3_font_size"/>
        <key name="typography_h3_lineheight"/>
        <key name="typography_h3_transform"/>
        <key name="typography_h3_color"/>
      </key>
      <key name="typography_h4">
        <key name="typography_h4_font">
          <key name="family"/>
          <key name="variant"/>
          <key name="font"/>
        </key>
        <key name="typography_h4_align"/>
        <key name="typography_h4_font_size"/>
        <key name="typography_h4_lineheight"/>
        <key name="typography_h4_transform"/>
        <key name="typography_h4_color"/>
      </key>
      <key name="typography_h5">
        <key name="typography_h5_font">
          <key name="family"/>
          <key name="variant"/>
          <key name="font"/>
        </key>
        <key name="typography_h5_align"/>
        <key name="typography_h5_font_size"/>
        <key name="typography_h5_lineheight"/>
        <key name="typography_h5_transform"/>
        <key name="typography_h5_color"/>
      </key>
      <key name="typography_h6">
        <key name="typography_h6_font">
          <key name="family"/>
          <key name="variant"/>
          <key name="font"/>
        </key>
        <key name="typography_h6_align"/>
        <key name="typography_h6_font_size"/>
        <key name="typography_h6_lineheight"/>
        <key name="typography_h6_transform"/>
        <key name="typography_h6_color"/>
      </key>
      <key name="typography_p">
        <key name="typography_p_font">
          <key name="family"/>
          <key name="variant"/>
          <key name="font"/>
        </key>
        <key name="typography_p_align"/>
        <key name="typography_p_font_size"/>
        <key name="typography_p_lineheight"/>
        <key name="typography_p_transform"/>
        <key name="typography_p_color"/>
      </key>
      <key name="admin_login_body_background">
        <key name="image"/>
        <key name="repeat"/>
        <key name="position"/>
        <key name="attachment"/>
        <key name="size"/>
        <key name="color"/>
      </key>
      <key name="admin_login_url"/>
      <key name="admin_login_logo"/>
      <key name="404_style"/>
      <key name="404_body_background">
        <key name="image"/>
        <key name="repeat"/>
        <key name="position"/>
        <key name="attachment"/>
        <key name="size"/>
        <key name="color"/>
      </key>
      <key name="404_heading_color"/>
      <key name="404_paragraph_color"/>
      <key name="tr_enable"/>
      <key name="tr_homepage"/>
      <key name="tr_side_area"/>
      <key name="tr_shop_cart"/>
      <key name="tr_404_title"/>
      <key name="tr_404_desc"/>
      <key name="tr_page_not_found"/>
      <key name="tr_search"/>
      <key name="tr_search_for"/>
      <key name="tr_search_results"/>
      <key name="tr_search_placeholder"/>
      <key name="tr_search_not_found"/>
      <key name="tr_archive"/>
      <key name="tr_archive_category"/>
      <key name="tr_archive_tag"/>
      <key name="tr_shop"/>
      <key name="tr_products"/>
      <key name="tr_shop_products"/>
      <key name="tr_read_more"/>
      <key name="tr_content_none"/>
      <key name="tr_blog"/>
      <key name="tr_by"/>
      <key name="tr_related_articles"/>
      <key name="tr_share"/>
      <key name="tr_previous_article"/>
      <key name="tr_next_article"/>
      <key name="tr_page_link"/>
      <key name="tr_edit_content"/>
      <key name="tr_leave_comment"/>
      <key name="tr_comment_one"/>
      <key name="tr_no_comment"/>
      <key name="tr_comments_number"/>
      <key name="tr_older_comments"/>
      <key name="tr_newer_comments"/>
      <key name="tr_comment_navigation"/>
      <key name="tr_reply"/>
      <key name="tr_comments_closed"/>
      <key name="tr_comment_name"/>
      <key name="tr_comment_email"/>
      <key name="tr_comment_website"/>
      <key name="tr_comment_write"/>
      <key name="tr_comment_submit"/>
      <key name="tr_portfolio"/>
      <key name="tr_portfolio_share"/>
      <key name="tr_portfolio_client"/>
      <key name="tr_portfolio_location"/>
      <key name="tr_portfolio_date"/>
      <key name="tr_portfolio_category"/>
      <key name="tr_portfolio_previous"/>
      <key name="tr_portfolio_next"/>
      <key name="import"/>
      <key name="general_preloader"/>
      <key name="header_active_sticky"/>
      <key name="header_container_fluid"/>
      <key name="header_hidden_bordered"/>
      <key name="nav_line"/>
      <key name="pagetitle_parallax"/>
      <key name="footer_bottom_hidden"/>
      <key name="backtop"/>
      <key name="pagetitle_blog_select"/>
      <key name="archive_layout_op"/>
      <key name="archive_post_date"/>
      <key name="archive_post_category"/>
      <key name="archive_post_read"/>
      <key name="archive_post_comments"/>
      <key name="archive_post_author"/>
      <key name="archive_post_reading"/>
      <key name="single_layout_op"/>
      <key name="pagetitle_portfolio_select"/>
      <key name="general_dark"/>
      <key name="typography_body_custom"/>
      <key name="typography_h1_custom"/>
      <key name="typography_h2_custom"/>
      <key name="typography_h3_custom"/>
      <key name="typography_h4_custom"/>
      <key name="typography_h5_custom"/>
      <key name="typography_h6_custom"/>
      <key name="typography_p_custom"/>
    </key>
  </admin-texts>
</wpml-config>