{"general_body_layout":"fullwidth","css_body_bordered_color":"","css_body_bordered_width":{"top":"","right":"","bottom":"","left":"","unit":"px"},"css_body_background_color":"","css_body_background":{"background-color":"","background-image":{"url":"","id":"","width":"","height":"","thumbnail":"","alt":"","title":"","description":""},"background-position":"","background-repeat":"","background-attachment":"","background-size":""},"placeholder_img":{"url":"","id":"","width":"","height":"","thumbnail":"","alt":"","title":"","description":""},"general_preloader":"","social_links_facebook":"https:\/\/www.facebook.com\/zytheme","social_links_twitter":"https:\/\/www.twitter.com\/zytheme","social_links_youtube":"","social_links_google":"","social_links_linkedin":"https:\/\/www.linkedin.com\/zytheme","social_links_instagram":"https:\/\/www.instagram.com\/zytheme","social_links_rss":"","social_links_dribbble":"https:\/\/www.dribbble.com\/zytheme","social_links_vimeo":"","social_links_skype":"","social_links_pinterest":"","social_links_yelp":"","social_links_tumblr":"","social_links_tripadvisor":"","social_links_spotify":"","social_links_soundcloud":"","social_links_behance":"","social_links_vk":"","social_links_wordpress":"","header_layout_select":"2","header_background_color":"","header_active_sticky":"","header_container_fluid":"","header_hidden_bordered":"","header_show_search":"1","header_show_cart":"1","header_show_sidearea":"1","header_show_cta":"1","header_logo_settings":"image","header_logo_dark":{"url":"https:\/\/themes.zytheme.com\/kolaso\/wp-content\/uploads\/2018\/11\/logo-dark.png","id":"3899","width":"81","height":"21","thumbnail":"https:\/\/themes.zytheme.com\/kolaso\/wp-content\/uploads\/2018\/11\/logo-dark.png","alt":"","title":"logo-dark","description":""},"header_logo_light":{"url":"https:\/\/themes.zytheme.com\/kolaso\/wp-content\/uploads\/2018\/11\/logo-light.png","id":"3929","width":"81","height":"21","thumbnail":"https:\/\/themes.zytheme.com\/kolaso\/wp-content\/uploads\/2018\/11\/logo-light.png","alt":"","title":"logo-light","description":""},"header_logo_dimensions":{"width":"","height":""},"header_logo_title_text":"","header_favicon":{"url":"","id":"","width":"","height":"","thumbnail":"","alt":"","title":"","description":""},"nav_link_color":{"color":"","hover":""},"nav_line":"","header_button_text":"Get In Touch","header_button_link":"https:\/\/themes.zytheme.com\/kolaso\/contact-us\/","header_button_style":{"color-1":"","color-2":"","color-3":"","color-4":""},"sidearea_logo":{"url":"https:\/\/themes.zytheme.com\/kolaso\/wp-content\/uploads\/2018\/11\/logo-dark.png","id":"3899","width":"81","height":"21","thumbnail":"https:\/\/themes.zytheme.com\/kolaso\/wp-content\/uploads\/2018\/11\/logo-dark.png","alt":"","title":"logo-dark","description":""},"sidearea_bio_content":"Kolaso is a design studio founded in London and expanded our services, and offering solutions Worldwide.","sidearea_show_footer":"1","sidearea_show_social":"1","topbar_background_color":"","topbar_color":"","topbar_color_hover":{"color":"","hover":""},"header_info_email":"7oroof@7oroof.com","header_info_phone":"002 01065370701","header_info_address":"22 Albahr St, Tanta, Egypt","header_social_enabled":{"enabled":{"facebook":"Facebook","twitter":"Twitter","youtube":"Youtube","instagram":"Instagram"},"disabled":{"google":"Google+","linkedin":"Linkedin","rss":"RSS","dribbble":"Dribbble","vimeo":"Vimeo","skype":"Skype","pinterest":"Pinterest","yelp":"Yelp","tumblr":"Tumblr","tripadvisor":"Tripadvisor","spotify":"Spotify","soundcloud":"Soundcloud","behance":"Behance","vk":"VK","wordpress":"WordPress"}},"pagetitle_layout_select":"3","pagetitle_parallax":"1","pagetitle_background":{"background-color":"","background-image":{"url":"","id":"","width":"","height":"","thumbnail":"","alt":"","title":"","description":""},"background-position":"","background-repeat":"","background-attachment":"","background-size":""},"pagetitle_background_overlay":"","pagetitle_padding":{"top":"","bottom":"","unit":"px"},"pagetitle_title_style":{"font-weight":"","font-style":"","subset":"","text-align":"","text-transform":"","font-size":"","line-height":"","letter-spacing":"","color":"","type":"","unit":"px"},"pagetitle_desc_style":{"font-weight":"","font-style":"","subset":"","text-align":"","text-transform":"","font-size":"","line-height":"","letter-spacing":"","color":"","type":"","unit":"px"},"pagetitle_breadcrumbs_style":{"font-weight":"","font-style":"","subset":"","text-align":"","text-transform":"","font-size":"","line-height":"","letter-spacing":"","color":"","type":"","unit":"px"},"pagetitle_breadcrumbs_link_color":{"color":"","hover":""},"pagetitle_breadcrumbs_delimiter":"","pagetitle_breadcrumbs_delimiter_color":"","footer_layout_select":"1","footer_background_color":"","footer_layout_columns":"4","footer_title_color":"","footer_body_color":"","footer_link_color":{"color":"","hover":""},"footer_padding":{"top":"","bottom":"","unit":"px"},"footer_bottom_hidden":"","footer_copyright":"","footer_bottom_background":"","footer_bottom_border":"","footer_bottom_color":"","footer_bottom_link_color":{"color":"","hover":""},"footer_bottom_padding":{"top":"","bottom":"","unit":"px"},"backtop":"0","backtop_style":"backtop-circle","backtop_align":"backtop-right","backtop_color":{"color-1":"","color-2":"","color-3":"","color-4":""},"pagetitle_blog_background":{"background-color":"","background-image":{"url":"https:\/\/themes.zytheme.com\/kolaso\/wp-content\/uploads\/2019\/03\/title2.jpg","id":"5044","width":"1600","height":"520","thumbnail":"https:\/\/themes.zytheme.com\/kolaso\/wp-content\/uploads\/2019\/03\/title2-150x150.jpg","alt":"","title":"title2","description":""},"background-position":"","background-repeat":"","background-attachment":"","background-size":""},"blog_breadcrumb":"2540","archive_post_style":"standard","archive_post_title":"","archive_post_content":"","archive_post_date":"1","archive_post_category":"1","archive_post_read":"1","archive_post_comments":"1","archive_post_author":"1","archive_post_reading":"","archive_pagination":"nav","single_title_switcher":"","single_metadata_switcher":"1","single_metadata":["date","comments","author","category"],"single_tags_switcher":"1","single_share_switcher":"1","single_share_metadata":["facebook","twitter","linkedin"],"single_autor_switcher":"1","single_prevnext_switcher":"1","single_related_switcher":"1","single_comments_switcher":"1","pagetitle_portfolio_select":"1","pagetitle_portfolio_background":{"background-color":"","background-image":{"url":"https:\/\/themes.zytheme.com\/kolaso\/wp-content\/uploads\/2019\/03\/title3.jpg","id":"5043","width":"1600","height":"520","thumbnail":"https:\/\/themes.zytheme.com\/kolaso\/wp-content\/uploads\/2019\/03\/title3-150x150.jpg","alt":"","title":"title3","description":""},"background-position":"","background-repeat":"","background-attachment":"","background-size":""},"portfolio_breadcrumb":"4188","portfolio_hover_effect":"portfolio-hover-fade","portfolio_archive_pagination":"nav","portfolio_single_layout":"big-images","portfolio_single_share":"1","portfolio_single_next":"1","portfolio_single_client":"1","portfolio_single_location":"1","portfolio_single_category":"1","portfolio_single_date":"1","header_shop_select":"1","pagetitle_shop_select":"1","pagetitle_shop_background":{"background-color":"","background-image":{"url":"https:\/\/themes.zytheme.com\/kolaso\/wp-content\/uploads\/2019\/02\/d276f3cf10d419ac9646e9e2_rw_1920.jpg","id":"4731","width":"2048","height":"1366","thumbnail":"https:\/\/themes.zytheme.com\/kolaso\/wp-content\/uploads\/2019\/02\/d276f3cf10d419ac9646e9e2_rw_1920-150x150.jpg","alt":"","title":"d276f3cf10d419ac9646e9e2_rw_1920","description":""},"background-position":"","background-repeat":"","background-attachment":"","background-size":""},"shop_breadcrumb":"999","archive_shop_layout":"sidebar-right","archive_shop_column":"3products","archive_shop_no_product":"12","shop_product_layout":"sidebar-right","shop_product_share":"1","shop_meta_share":"1","shop_product_tabs":"1","shop_product_pagination":"1","shop_product_related":"1","general_dark":"","css_primary_color":"","css_button_color":{"color":"","hover":""},"typography_body":{"font-family":"","font-weight":"","font-style":"","subset":"","text-align":"","text-transform":"","font-size":"","line-height":"","letter-spacing":"","color":"","type":"","unit":"px"},"typography_h1":{"font-family":"","font-weight":"","font-style":"","subset":"","text-align":"","text-transform":"","font-size":"","line-height":"","letter-spacing":"","color":"","type":"","unit":"px"},"typography_h2":{"font-family":"","font-weight":"","font-style":"","subset":"","text-align":"","text-transform":"","font-size":"","line-height":"","letter-spacing":"","color":"","type":"","unit":"px"},"typography_h3":{"font-family":"","font-weight":"","font-style":"","subset":"","text-align":"","text-transform":"","font-size":"","line-height":"","letter-spacing":"","color":"","type":"","unit":"px"},"typography_h4":{"font-family":"","font-weight":"","font-style":"","subset":"","text-align":"","text-transform":"","font-size":"","line-height":"","letter-spacing":"","color":"","type":"","unit":"px"},"typography_h5":{"font-family":"","font-weight":"","font-style":"","subset":"","text-align":"","text-transform":"","font-size":"","line-height":"","letter-spacing":"","color":"","type":"","unit":"px"},"typography_h6":{"font-family":"","font-weight":"","font-style":"","subset":"","text-align":"","text-transform":"","font-size":"","line-height":"","letter-spacing":"","color":"","type":"","unit":"px"},"404_title":"","404_desc":"","404_button":"","404_type":"button","tr_enable":"0","tr_homepage":"","tr_side_area":"","tr_shop_cart":"","tr_404_title":"","tr_404_desc":"","tr_page_not_found":"","tr_search":"","tr_search_for":"","tr_search_results":"","tr_search_placeholder":"","tr_content_none_heading":"","tr_search_not_found":"","tr_archive":"","tr_archive_category":"","tr_archive_tag":"","tr_shop":"","tr_products":"","tr_shop_products":"","tr_read_more":"","tr_content_none":"","tr_blog":"","tr_by":"","tr_related_articles":"","tr_share":"","tr_previous_article":"","tr_next_article":"","tr_page_link":"","tr_edit_content":"","tr_leave_comment":"","tr_comment_one":"","tr_no_comment":"","tr_comments_number":"","tr_older_comments":"","tr_newer_comments":"","tr_comment_navigation":"","tr_reply":"","tr_comments_closed":"","tr_comment_name":"","tr_comment_email":"","tr_comment_website":"","tr_comment_write":"","tr_comment_submit":"","tr_portfolio":"","tr_portfolio_share":"","tr_portfolio_client":"","tr_portfolio_location":"","tr_portfolio_date":"","tr_portfolio_category":"","tr_portfolio_previous":"","tr_portfolio_next":"","custom_js_header":"","custom_js_footer":"","custom_css":"","general_preloader_style":"","pagetitle_blog_select":"","archive_layout_op":"","single_layout_op":"","portfolio_tax_layout":""}